{
    "loss": 4.7328314781188965,
    "accuracy": 0.6380952596664429
}