{
    "loss": 2.773529052734375,
    "accuracy": 0.7130434513092041
}